,会社名,勤務地
0,株式会社VSN | ,東京・名古屋・大阪の
1,株式会社LAVA I,全国438店舗以上あ
2,株式会社ビッグモータ,転勤なし/全国に勤務
3,フォーザウィン株式会,【転勤なし／希望を考
4,フォーザウィン株式会,【転勤なし／希望を考
5,株式会社カワチ薬品 ,栃木県・茨城県・群馬
6,フォーザウィン株式会,【転勤なし／希望を考
7,ランスタッド株式会社,★希望を考慮 ★転居
8,日立建機日本株式会社,《エリア外の転勤なし
9,TSネットワーク株式,高崎流通センター/群
10,株式会社レッド・フリ,★転勤なし ★本社ま
11,株式会社マイナビ |,★全国の拠点で募集中
12,株式会社アミング |,★石川/富山/福井/
13,日立建機日本株式会社,《エリア外の転勤なし
14,株式会社アキュラホー,＜埼玉・東京・神奈川
15,日本eリモデル株式会,■宇都宮支店：栃木県
16,株式会社アサンテ |,【交通費全額支給】 
17,フォーザウィン株式会,【転勤なし／希望を考
18,株式会社ワット・コン,＜転居を伴う転勤なし
19,株式会社東急レクリエ,《★全国の109シネ
20,日立建機日本株式会社,《U・Iターン歓迎》
21,フォーザウィン株式会,【転勤なし／希望を考
22,フォーザウィン株式会,【転勤なし／希望を考
23,株式会社コプロ・エン,▼▼全国の希望エリア
24,フォーザウィン株式会,【転勤なし／希望を考
25,株式会社VSN | ,東京・名古屋・大阪の
26,UTエイム株式会社 ,【転勤なし】全国40
27,UTエイム株式会社 ,【転勤なし】全国40
28,株式会社ビッグモータ,☆転勤なし！全国募集
29,株式会社ミュゼプラチ,◎会社都合による転勤
30,イカリ消毒株式会社 ,【転勤なし/U・Iタ
31,フォーザウィン株式会,【転勤なし／希望を考
32,株式会社ウィルオブ・,【勤務地は通勤圏内を
33,山崎製パン株式会社,★転勤なし★全国の各
34,株式会社夢真 | 5,全国いずれかのプロジ
35,株式会社エネテク |,【 愛知・埼玉・兵庫
36,住友生命保険相互会社,全国7ブロックの中か
37,株式会社コプロ・エン,【転勤なし！希望の勤
38,株式会社ビッグモータ,【転勤なし】 ★全国
39,株式会社飯田産業 |,東京、神奈川、千葉、
40,株式会社コメリ | ,《Uターン・Iターン
41,株式会社夢真 | 5,全国いずれかのプロジ
42,株式会社 夢真 | ,全国いずれかのプロジ
43,ケイアイスター不動産,★勤務地は希望を考慮
44,UTエイム株式会社 ,【転勤なし】全国40
45,HITOWAライフパ,全国47都道府県の開
46,山崎製パン株式会社,★転勤なし★全国の各
47,元気寿司株式会社 |,北海道/宮城/福島/
48,UTエイム株式会社 ,【転勤なし】全国40
49,株式会社IDOM |,全国(47都道府県)
50,株式会社平山 | J,◆勤務地は希望を考慮
51,株式会社エム・シーネ,★転勤なし 東京都港
52,大同生命保険株式会社,【転勤なし】全国の4
53,ジブラルタ生命保険株,全国678営業所（2
54,大同生命保険株式会社,【転勤なし】全国の4
55,日本セーフティー株式,東京／大阪／札幌／仙
56,株式会社コメリ | ,《Uターン・Iターン
57,株式会社夢テクノロジ,全国いずれかのプロジ
58,株式会社ウィルオブ・,【勤務地は通勤圏内を
59,富国生命保険相互会社,全国の各支社 ※入社
60,株式会社ハウスメイト,北海道、埼玉県、東京
61,ケイアイスター不動産,★各営業所（埼玉・茨
62,ロクシタンジャポン株,ロクシタン 高崎高島
63,シグマロジスティクス,【東京・神奈川・千葉
64,株式会社エム・シーネ,★転勤なし 東京都港
65,UTエイム株式会社 ,【転勤なし】全国40
66,株式会社共立メンテナ,【新規開業予定】 ★
67,東鉄工業株式会社 |,関東地方を中心とした
68,大同生命保険株式会社,【転勤なし】関東・近
69,株式会社LOHAST,【転居を伴う転勤なし
70,株式会社夢テクノロジ,全国のプロジェクト先
71,株式会社夢真 | 5,全国いずれかのプロジ
72,株式会社夢テクノロジ,全国いずれかのプロジ
73,株式会社ビッグモータ,全国約300店舗/転
74,UTエイム株式会社 ,【転勤なし】全国40
75,UTエイム株式会社 ,【転勤なし】全国40
76,UTコンストラクショ,【希望勤務地考慮、ご
77,株式会社夢真 | 5,全国いずれかのプロジ
78,株式会社ビッグモータ,【全国約300店舗！
79,株式会社綜合キャリア,◎山形県(★積極採用
80,株式会社ビッグモータ,《全国約300店舗！
81,株式会社夢テクノロジ,全国のプロジェクト先
82,日本生命保険相互会社,【勤務地の希望を考慮
83,JTA株式会社 | ,★転勤なし ★渋谷本
84,株式会社 夢真 | ,全国いずれかのプロジ
85,UTコンストラクショ,【希望勤務地考慮、ご
86,損害保険ジャパン株式,◇全国各地で募集中♪
87,一般財団法人　あんし,本部で1か月の研修後
88,株式会社夢テクノロジ,＜各エリアにて積極採
89,株式会社サンドラッグ,★「全国転勤」「エリ
90,ライクスタッフィング,★全国の希望エリアに
91,株式会社アルトナー ,◆エリア限定制度あり
92,中井エナジーテック株,【転勤なし】 関東事
93,関東サービス株式会社,各事業所（千葉・茨城
94,三州ペイント株式会社,＜転勤なし！希望勤務
95,株式会社ビッグモータ,☆転勤なし！全国募集
96,株式会社ミュゼプラチ,◎会社都合による転勤
97,株式会社ミュゼプラチ,◎会社都合による転勤
98,株式会社ビッグモータ,★転勤なし ★全国の
99,株式会社ビッグモータ,★転勤なし ★全国の
